<?xml version="1.0" encoding="UTF-8"?>

<openbox_menu>

<menu id="screenshot" label="Screenshot">
	<item label="Screenshot in 5">
		<action name="Execute">
			<command>scrot -d 5 &apos;%Y%m%d-%H%M%S_$wx$h_screenshot.png&apos; -e &apos;mv $f $$(xdg-user-dir PICTURES) ; xdg-open $$(xdg-user-dir PICTURES)/$f&apos;</command>
		</action>
	</item>
	<item label="Screenshot in 10">
		<action name="Execute">
			<command>scrot -d 10 &apos;%Y%m%d-%H%M%S_$wx$h_screenshot.png&apos; -e &apos;mv $f $$(xdg-user-dir PICTURES) ; xdg-open $$(xdg-user-dir PICTURES)/$f&apos;</command>
		</action>
	</item>
	<item label="Screenshot With Selection">
		<action name="Execute">
			<command>scrot -s &apos;%Y%m%d-%H%M%S_$wx$h_screenshot.png&apos; -e &apos;mv $f $$(xdg-user-dir PICTURES) ; xdg-open $$(xdg-user-dir PICTURES)/$f&apos;</command>
		</action>
	</item>
</menu>
<menu id="preferences" label="Settings and Preferences">
	<menu id="appearance-config" label="Look and Feel">
		<item label="Openbox">
			<action name="Execute">
				<command>obconf</command>
			</action>
		</item>
		<item label="Gtk Theme">
			<action name="Execute">
				<command>lxappearance</command>
			</action>
		</item>
		<item label="Kvantum Theme">
			<action name="Execute">
				<command>kvantummanager</command>
			</action>
		</item>
		<item label="Qt5 Settings">
			<action name="Execute">
				<command>qt5ct</command>
			</action>
		</item>
		<item label="Rofi Theme">
			<action name="Execute">
				<command>rofi-theme-selector</command>
			</action>
		</item>
		<item label="Desktop Preferences">
			<action name="Execute">
				<command>pcmanfm --desktop-pref</command>
			</action>
		</item>
	</menu>
	<menu id="openbox-config" label="Openbox Settings">
		<item label="Openbox Menu Editor">
			<action name="Execute">
				<command>kickshaw</command>
			</action>
		</item>
		<item label="Openbox Shortcut Editor">
			<action name="Execute">
				<command>obkey</command>
			</action>
		</item>
		<separator/>
		<item label="Edit autostart file">
			<action name="Execute">
				<command>xed ~/.config/openbox/autostart</command>
			</action>
		</item>
		<item label="Edit menu.xml file">
			<action name="Execute">
				<command>xed ~/.config/openbox/menu.xml</command>
			</action>
		</item>
		<item label="Edit rc.xml file">
			<action name="Execute">
				<command>xed ~/.config/openbox/rc.xml</command>
			</action>
		</item>
		<separator/>
		<item label="Reconfigure Openbox">
			<action name="Reconfigure"/>
		</item>
	</menu>
	<separator/>
	<menu id="PolybarPipeMenu" label="Polybar" execute="manjaro-polybar-pipemenu"/>
	<menu id="ConkyPipeMenu" label="Conky" execute="manjaro-conky-pipemenu"/>
	<menu id="TintPipeMenu" label="Tint2" execute="manjaro-tint2-pipemenu"/>
	<menu id="CompositingPipeMenu" label="Compositor" execute="manjaro-compositor"/>
</menu>

<menu id="root-menu" label="Openbox 3">
	<separator label="Manjaro Openbox"/>
	<item label="Terminal">
		<action name="Execute">
			<command>sakura</command>
		</action>
	</item>
	<item label="File Manager">
		<action name="Execute">
			<command>pcmanfm</command>
		</action>
	</item>
	<item label="Web Browser">
		<action name="Execute">
			<command>xdg-open http://about:blank</command>
		</action>
	</item>
	<menu id="applications" label="Applications" execute="/usr/bin/obmenu-generator -S ~/.config/obmenu-generator/applications.pl"/>
	<menu id="pipe-placesmenu" label="Places" execute="manjaro-places-pipemenu --recent ~/"/>
	<menu id="screenshot"/>
	<separator/>
	<item label="Switch Menu">
		<action name="Execute">
			<command>switchmenu -dynamic</command>
		</action>
	</item>
	<menu id="preferences"/>
	<menu id="keybinds" label="Shortcuts" execute="manjaro-kb-pipemenu"/>
	<separator/>
	<item label="Lock Screen">
		<action name="Execute">
			<command>lockscreen -- scrot</command>
		</action>
	</item>
	<item label="Exit Openbox">
		<action name="Execute">
			<command>rofr.sh -l</command>
		</action>
	</item>
</menu>

</openbox_menu>