{
    "zh_CN":{
        "Standard":"Noto Sans CJK SC",
        "Mono":"Noto Mono"
    },
    "zh_TW":{
        "Standard":"Noto Sans CJK TC",
        "Mono":"Noto Mono"
    },
    "zh_HK":{
        "Standard":"Noto Sans CJK TC",
        "Mono":"Noto Mono"
    },
    "ja":{
        "Standard":"Noto Sans CJK JP",
        "Mono":"Noto Mono"
    },
    "ko":{
        "Standard":"Noto Sans CJK KR",
        "Mono":"Noto Mono"
    },
    "en_US":{
        "Standard":"Noto Sans",
        "Mono":"Noto Mono"
    }
}
